{
  "packageDirectories": [
    {
      "path": "force-app",
      "package": "Wizard_Timeline",
      "versionName": "ver 0.1",
      "versionNumber": "0.1.0.NEXT",
      "default": true,
      "versionDescription": ""
    }
  ],
  "namespace": "CXTL",
  "sfdcLoginUrl": "https://login.salesforce.com",
  "sourceApiVersion": "59.0",
  "packageAliases": {
    "Wizard_Timeline": "0HodM00000002bJSAQ",
    "Wizard_Timeline@0.1.0-1": "04tdM0000000opdQAA",
    "Wizard_Timeline@0.1.0-2": "04tdM0000000pddQAA"
  }
}