<?xml version="1.0" encoding="UTF-8"?>
<CustomLabels xmlns="http://soap.sforce.com/2006/04/metadata">
    <labels>
        <fullName>CancelButton</fullName>
        <language>en_US</language>
        <protected>false</protected>
        <shortDescription>CancelButton</shortDescription>
        <value>Cancel</value>
    </labels>
    <labels>
        <fullName>Child_Object_Error</fullName>
        <language>en_US</language>
        <protected>false</protected>
        <shortDescription>Child Object Error</shortDescription>
        <value>does not exist in your organization. Please enter the correct API name of the child object!</value>
    </labels>
    <labels>
        <fullName>Edit_Record_Button</fullName>
        <language>en_US</language>
        <protected>false</protected>
        <shortDescription>Edit Record Button</shortDescription>
        <value>Edit Record</value>
    </labels>
    <labels>
        <fullName>Edit_Record_Model_Header</fullName>
        <language>en_US</language>
        <protected>false</protected>
        <shortDescription>Edit Record Model Header</shortDescription>
        <value>Edit Record</value>
    </labels>
    <labels>
        <fullName>ErrorHeader</fullName>
        <language>en_US</language>
        <protected>false</protected>
        <shortDescription>ErrorHeader</shortDescription>
        <value>Error</value>
    </labels>
    <labels>
        <fullName>Error_Message</fullName>
        <language>en_US</language>
        <protected>false</protected>
        <shortDescription>Error Message</shortDescription>
        <value>Record not saved!</value>
    </labels>
    <labels>
        <fullName>FieldErrorMessage1</fullName>
        <language>en_US</language>
        <protected>false</protected>
        <shortDescription>FieldErrorMessage1</shortDescription>
        <value>Field</value>
    </labels>
    <labels>
        <fullName>FieldErrorMessage2</fullName>
        <language>en_US</language>
        <protected>false</protected>
        <shortDescription>FieldErrorMessage2</shortDescription>
        <value>is not found on</value>
    </labels>
    <labels>
        <fullName>FieldErrorMessage3</fullName>
        <language>en_US</language>
        <protected>false</protected>
        <shortDescription>FieldErrorMessage3</shortDescription>
        <value>, please enter correct field API name!</value>
    </labels>
    <labels>
        <fullName>GoTo_Record_Button</fullName>
        <language>en_US</language>
        <protected>false</protected>
        <shortDescription>GoTo Record Button</shortDescription>
        <value>Go To Record</value>
    </labels>
    <labels>
        <fullName>Header_Warning_Messgae</fullName>
        <language>en_US</language>
        <protected>false</protected>
        <shortDescription>Header Warning Messgae</shortDescription>
        <value>this header does not exists, default header is currently being used!</value>
    </labels>
    <labels>
        <fullName>Model_Header</fullName>
        <language>en_US</language>
        <protected>false</protected>
        <shortDescription>Model Header</shortDescription>
        <value>Child Object Details</value>
    </labels>
    <labels>
        <fullName>NoRecordsFound</fullName>
        <language>en_US</language>
        <protected>false</protected>
        <shortDescription>NoRecordsFound</shortDescription>
        <value>No Records Found For</value>
    </labels>
    <labels>
        <fullName>RecordId_Not_Found_Message</fullName>
        <language>en_US</language>
        <protected>false</protected>
        <shortDescription>RecordId Not Found Message</shortDescription>
        <value>Record Id is not found, please enter recordId!</value>
    </labels>
    <labels>
        <fullName>RecordNotFound</fullName>
        <language>en_US</language>
        <protected>false</protected>
        <shortDescription>RecordNotFound</shortDescription>
        <value>Records not found for</value>
    </labels>
    <labels>
        <fullName>SaveButton</fullName>
        <language>en_US</language>
        <protected>false</protected>
        <shortDescription>SaveButton</shortDescription>
        <value>Save</value>
    </labels>
    <labels>
        <fullName>Sorting_Field_Warning_Message</fullName>
        <language>en_US</language>
        <protected>false</protected>
        <shortDescription>Sorting Field Warning Message</shortDescription>
        <value>this sorting field does not exists, default sorting field is currently being used!</value>
    </labels>
    <labels>
        <fullName>SuccessHeader</fullName>
        <language>en_US</language>
        <protected>false</protected>
        <shortDescription>SuccessHeader</shortDescription>
        <value>Success</value>
    </labels>
    <labels>
        <fullName>Success_Message</fullName>
        <language>en_US</language>
        <protected>false</protected>
        <shortDescription>Success Message</shortDescription>
        <value>Record Saved Sucessfully</value>
    </labels>
    <labels>
        <fullName>Warning</fullName>
        <language>en_US</language>
        <protected>false</protected>
        <shortDescription>Warning</shortDescription>
        <value>Warning</value>
    </labels>
</CustomLabels>
