<?xml version="1.0"?>
<LightningComponentBundle xmlns="http://soap.sforce.com/2006/04/metadata">
	<apiVersion>57.0</apiVersion>
	<isExposed>true</isExposed>
	<targets>
		<target>lightning__RecordPage</target>
		<target>lightning__AppPage</target>
		<target>lightning__HomePage</target>
		<target>lightning__Tab</target>
        <target>lightningCommunity__Page</target>
		<target>lightningCommunity__Page_Layout</target>
		<target>lightningCommunity__Default</target>
	</targets>

<targetConfigs>  

    <targetConfig targets="lightning__AppPage,lightning__RecordPage,lightning__HomePage">
        <supportedFormFactors>
            <supportedFormFactor type="Small" />
            <supportedFormFactor type="Large" />
        </supportedFormFactors>
        <property name="childObject" type="String" default="" label="Child Object API Name" required="true" description="The API name of the child object associated with the component."/>
        <property name="parentObject" type="String" default="" label="Field API Name Of Parent Object" required="true" description="The API name of the parent object associated with the child object."/>
        <property name="recordId" type="String" default="" label="Record Id Of Parent" required="false" description="The record ID of the parent object, used for contextual filtering. (Optional)"/>
        <property name="fields" type="String" default="" label="Fields Of Child Object" required="true" description="The comma-separated list of field API names from the child object to be displayed."/>
        <property name="header" type="String" default="Name" label="Header Of Child Object" required="true" description="The field API name to be displayed for the child object records. By default it is Name."/>
        <property name="sortingField" type="String" default="Name" label="Sort By (Field API Name Of Child Object)" required="true" description="The field API name of the child object by which records will be sorted. By default it is Name."/>
        <property name="sortingOrder" type="String" default="ASC" label="Sorting Order" required="true" description="The sorting order for the records, either 'ASC' (ascending) or 'DESC' (descending). By default it is ASC."/>
        <property name="iconName" type="String" default="clone" label="Icon Name" required="true" description="The name of the icon to be displayed for each record."/>
        <property name="iconBackgroundColor" type="String" default="#3BA755" label="Icon Background Color" required="true" description="The background color of the icon."/>
        <property name="stripColor" type="String" default="#3BA755" label="Strip Color" required="true" description="The color used for styling the strip or separator between records."/>
    </targetConfig>
     <targetConfig targets="lightningCommunity__Default">
        <property name="childObject" type="String" default="" label="Child Object API Name" required="true" description="The API name of the child object associated with the component."/>
        <property name="parentObject" type="String" default="" label="Parent Object API Name" required="true" description="The API name of the parent object associated with the child object."/>
        <property name="recordId" type="String" default="" label="Record Id Of Parent" required="false" description="The record ID of the parent object, used for contextual filtering. (Optional)"/>
        <property name="fields" type="String" default="" label="Fields Of Child Object" required="true" description="The comma-separated list of field API names from the child object to be displayed."/>
        <property name="header" type="String" default="Name" label="Header Of Child Object" required="true" description="The field API name to be displayed for the child object records. By default it is Name."/>
        <property name="sortingField" type="String" default="Name" label="Sort By (Field API Name Of Child Object)" required="true" description="The field API name of the child object by which records will be sorted. By default it is Name."/>
        <property name="sortingOrder" type="String" default="ASC" label="Sorting Order" required="true" description="The sorting order for the records, either 'ASC' (ascending) or 'DESC' (descending). By default it is ASC."/>
        <property name="iconName" type="String" default="clone" label="Icon Name" required="true" description="The name of the icon to be displayed for each record."/>
        <property name="iconBackgroundColor" type="String" default="#3BA755" label="Icon Background Color" required="true" description="The background color of the icon."/>
        <property name="stripColor" type="String" default="#3BA755" label="Strip Color" required="true" description="The color used for styling the strip or separator between records."/>
    </targetConfig>
</targetConfigs>


</LightningComponentBundle>